INSERT INTO patients (patient_id, gender, national_id_number, email, height, weight, address, city, state_region, country, created_at, updated_at) VALUES (1, 'Female', 'ID10000000', 'patient1@example.com', 151.59, 89.71, '47 Random Street', 'City5', 'Region1', 'Vietnam', '2025-04-08T07:28:06.597581', '2025-04-08T07:28:06.597591');
INSERT INTO patients (patient_id, gender, national_id_number, email, height, weight, address, city, state_region, country, created_at, updated_at) VALUES (2, 'Female', 'ID10000001', 'patient2@example.com', 152.87, 90.41, '65 Random Street', 'City4', 'Region4', 'Thailand', '2025-04-08T07:28:06.597605', '2025-04-08T07:28:06.597607');
INSERT INTO patients (patient_id, gender, national_id_number, email, height, weight, address, city, state_region, country, created_at, updated_at) VALUES (3, 'Female', 'ID10000002', 'patient3@example.com', 166.34, 87.59, '100 Random Street', 'City2', 'Region2', 'Thailand', '2025-04-08T07:28:06.597622', '2025-04-08T07:28:06.597624');
INSERT INTO patients (patient_id, gender, national_id_number, email, height, weight, address, city, state_region, country, created_at, updated_at) VALUES (4, 'Other', 'ID10000003', 'patient4@example.com', 184.62, 51.62, '44 Random Street', 'City1', 'Region3', 'Indonesia', '2025-04-08T07:28:06.597635', '2025-04-08T07:28:06.597637');
INSERT INTO patients (patient_id, gender, national_id_number, email, height, weight, address, city, state_region, country, created_at, updated_at) VALUES (5, 'Female', 'ID10000004', 'patient5@example.com', 153.17, 45.6, '85 Random Street', 'City5', 'Region5', 'Singapore', '2025-04-08T07:28:06.597646', '2025-04-08T07:28:06.597648');
INSERT INTO patients (patient_id, gender, national_id_number, email, height, weight, address, city, state_region, country, created_at, updated_at) VALUES (6, 'Female', 'ID10000005', 'patient6@example.com', 171.3, 69.65, '90 Random Street', 'City2', 'Region4', 'Malaysia', '2025-04-08T07:28:06.597657', '2025-04-08T07:28:06.597660');
INSERT INTO patients (patient_id, gender, national_id_number, email, height, weight, address, city, state_region, country, created_at, updated_at) VALUES (7, 'Male', 'ID10000006', 'patient7@example.com', 177.27, 58.85, '60 Random Street', 'City3', 'Region1', 'Singapore', '2025-04-08T07:28:06.597679', '2025-04-08T07:28:06.597682');
INSERT INTO patients (patient_id, gender, national_id_number, email, height, weight, address, city, state_region, country, created_at, updated_at) VALUES (8, 'Female', 'ID10000007', 'patient8@example.com', 174.31, 88.3, '23 Random Street', 'City3', 'Region5', 'Thailand', '2025-04-08T07:28:06.597709', '2025-04-08T07:28:06.597712');
INSERT INTO patients (patient_id, gender, national_id_number, email, height, weight, address, city, state_region, country, created_at, updated_at) VALUES (9, 'Female', 'ID10000008', 'patient9@example.com', 140.52, 59.1, '7 Random Street', 'City3', 'Region1', 'Thailand', '2025-04-08T07:28:06.597720', '2025-04-08T07:28:06.597723');
INSERT INTO patients (patient_id, gender, national_id_number, email, height, weight, address, city, state_region, country, created_at, updated_at) VALUES (10, 'Female', 'ID10000009', 'patient10@example.com', 146.29, 68.25, '37 Random Street', 'City4', 'Region4', 'Vietnam', '2025-04-08T07:28:06.597736', '2025-04-08T07:28:06.597739');
INSERT INTO patients (patient_id, gender, national_id_number, email, height, weight, address, city, state_region, country, created_at, updated_at) VALUES (11, 'Male', 'ID10000010', 'patient11@example.com', 198.69, 96.65, '78 Random Street', 'City4', 'Region5', 'Thailand', '2025-04-08T07:28:06.597751', '2025-04-08T07:28:06.597753');
INSERT INTO patients (patient_id, gender, national_id_number, email, height, weight, address, city, state_region, country, created_at, updated_at) VALUES (12, 'Other', 'ID10000011', 'patient12@example.com', 143.16, 75.47, '4 Random Street', 'City3', 'Region1', 'Singapore', '2025-04-08T07:28:06.597761', '2025-04-08T07:28:06.597763');
INSERT INTO patients (patient_id, gender, national_id_number, email, height, weight, address, city, state_region, country, created_at, updated_at) VALUES (13, 'Male', 'ID10000012', 'patient13@example.com', 155.8, 96.82, '26 Random Street', 'City1', 'Region4', 'Indonesia', '2025-04-08T07:28:06.597770', '2025-04-08T07:28:06.597772');
INSERT INTO patients (patient_id, gender, national_id_number, email, height, weight, address, city, state_region, country, created_at, updated_at) VALUES (14, 'Male', 'ID10000013', 'patient14@example.com', 189.5, 74.73, '50 Random Street', 'City1', 'Region5', 'Indonesia', '2025-04-08T07:28:06.597779', '2025-04-08T07:28:06.597781');
INSERT INTO patients (patient_id, gender, national_id_number, email, height, weight, address, city, state_region, country, created_at, updated_at) VALUES (15, 'Other', 'ID10000014', 'patient15@example.com', 167.03, 47.72, '12 Random Street', 'City3', 'Region2', 'Singapore', '2025-04-08T07:28:06.597799', '2025-04-08T07:28:06.597803');
INSERT INTO patients (patient_id, gender, national_id_number, email, height, weight, address, city, state_region, country, created_at, updated_at) VALUES (16, 'Other', 'ID10000015', 'patient16@example.com', 170.92, 75.79, '83 Random Street', 'City5', 'Region4', 'Singapore', '2025-04-08T07:28:06.597815', '2025-04-08T07:28:06.597817');
INSERT INTO patients (patient_id, gender, national_id_number, email, height, weight, address, city, state_region, country, created_at, updated_at) VALUES (17, 'Other', 'ID10000016', 'patient17@example.com', 152.46, 81.94, '50 Random Street', 'City2', 'Region3', 'Malaysia', '2025-04-08T07:28:06.597824', '2025-04-08T07:28:06.597827');
INSERT INTO patients (patient_id, gender, national_id_number, email, height, weight, address, city, state_region, country, created_at, updated_at) VALUES (18, 'Other', 'ID10000017', 'patient18@example.com', 192.09, 57.01, '40 Random Street', 'City5', 'Region2', 'Indonesia', '2025-04-08T07:28:06.597834', '2025-04-08T07:28:06.597836');
INSERT INTO patients (patient_id, gender, national_id_number, email, height, weight, address, city, state_region, country, created_at, updated_at) VALUES (19, 'Female', 'ID10000018', 'patient19@example.com', 141.4, 49.54, '50 Random Street', 'City4', 'Region5', 'Malaysia', '2025-04-08T07:28:06.597844', '2025-04-08T07:28:06.597846');
INSERT INTO patients (patient_id, gender, national_id_number, email, height, weight, address, city, state_region, country, created_at, updated_at) VALUES (20, 'Female', 'ID10000019', 'patient20@example.com', 177.9, 62.64, '96 Random Street', 'City5', 'Region4', 'Singapore', '2025-04-08T07:28:06.597853', '2025-04-08T07:28:06.597855');
INSERT INTO contracts (contract_id, provider_id, contract_name, start_date, end_date, pricing_model, agreed_rate, currency, created_at, updated_at) VALUES (1, 1, 'Contract 1', '2024-06-19T07:28:06.599476', '2025-09-28T07:28:06.599490', 'per_consult', 4212.87, 'USD', '2025-04-08T07:28:06.599505', '2025-04-08T07:28:06.599509');
INSERT INTO contracts (contract_id, provider_id, contract_name, start_date, end_date, pricing_model, agreed_rate, currency, created_at, updated_at) VALUES (2, 2, 'Contract 2', '2024-08-23T07:28:06.599611', '2025-09-16T07:28:06.599618', 'hybrid', 2708.19, 'USD', '2025-04-08T07:28:06.599627', '2025-04-08T07:28:06.599629');
INSERT INTO contracts (contract_id, provider_id, contract_name, start_date, end_date, pricing_model, agreed_rate, currency, created_at, updated_at) VALUES (3, 3, 'Contract 3', '2024-08-11T07:28:06.599687', '2025-09-22T07:28:06.599693', 'flat_rate', 4598.52, 'USD', '2025-04-08T07:28:06.599700', '2025-04-08T07:28:06.599702');
INSERT INTO contracts (contract_id, provider_id, contract_name, start_date, end_date, pricing_model, agreed_rate, currency, created_at, updated_at) VALUES (4, 3, 'Contract 4', '2024-10-30T07:28:06.599710', '2025-08-31T07:28:06.599713', 'hybrid', 4249.39, 'USD', '2025-04-08T07:28:06.599719', '2025-04-08T07:28:06.599721');
INSERT INTO contracts (contract_id, provider_id, contract_name, start_date, end_date, pricing_model, agreed_rate, currency, created_at, updated_at) VALUES (5, 4, 'Contract 5', '2024-10-26T07:28:06.599796', '2025-08-05T07:28:06.599803', 'hybrid', 4722.95, 'USD', '2025-04-08T07:28:06.599810', '2025-04-08T07:28:06.599812');
INSERT INTO contracts (contract_id, provider_id, contract_name, start_date, end_date, pricing_model, agreed_rate, currency, created_at, updated_at) VALUES (6, 5, 'Contract 6', '2024-06-27T07:28:06.599879', '2025-05-29T07:28:06.599888', 'per_consult', 1510.2, 'USD', '2025-04-08T07:28:06.599896', '2025-04-08T07:28:06.599898');
INSERT INTO contracts (contract_id, provider_id, contract_name, start_date, end_date, pricing_model, agreed_rate, currency, created_at, updated_at) VALUES (7, 6, 'Contract 7', '2024-12-13T07:28:06.599965', '2025-08-30T07:28:06.599971', 'flat_rate', 2997.65, 'USD', '2025-04-08T07:28:06.599979', '2025-04-08T07:28:06.599982');
INSERT INTO contracts (contract_id, provider_id, contract_name, start_date, end_date, pricing_model, agreed_rate, currency, created_at, updated_at) VALUES (8, 6, 'Contract 8', '2024-09-12T07:28:06.599993', '2025-05-29T07:28:06.599999', 'flat_rate', 2138.02, 'USD', '2025-04-08T07:28:06.600006', '2025-04-08T07:28:06.600009');
INSERT INTO contracts (contract_id, provider_id, contract_name, start_date, end_date, pricing_model, agreed_rate, currency, created_at, updated_at) VALUES (9, 7, 'Contract 9', '2024-12-13T07:28:06.600082', '2025-09-04T07:28:06.600090', 'hybrid', 4358.23, 'USD', '2025-04-08T07:28:06.600099', '2025-04-08T07:28:06.600103');
INSERT INTO contracts (contract_id, provider_id, contract_name, start_date, end_date, pricing_model, agreed_rate, currency, created_at, updated_at) VALUES (10, 7, 'Contract 10', '2024-12-21T07:28:06.600113', '2025-09-23T07:28:06.600119', 'flat_rate', 4882.25, 'USD', '2025-04-08T07:28:06.600128', '2025-04-08T07:28:06.600130');
INSERT INTO contracts (contract_id, provider_id, contract_name, start_date, end_date, pricing_model, agreed_rate, currency, created_at, updated_at) VALUES (11, 8, 'Contract 11', '2024-11-09T07:28:06.600198', '2025-07-27T07:28:06.600206', 'hybrid', 2894.23, 'USD', '2025-04-08T07:28:06.600216', '2025-04-08T07:28:06.600219');
INSERT INTO contracts (contract_id, provider_id, contract_name, start_date, end_date, pricing_model, agreed_rate, currency, created_at, updated_at) VALUES (12, 9, 'Contract 12', '2024-12-24T07:28:06.600314', '2025-09-02T07:28:06.600321', 'hybrid', 2983.32, 'USD', '2025-04-08T07:28:06.600328', '2025-04-08T07:28:06.600330');
INSERT INTO contracts (contract_id, provider_id, contract_name, start_date, end_date, pricing_model, agreed_rate, currency, created_at, updated_at) VALUES (13, 10, 'Contract 13', '2024-10-18T07:28:06.600393', '2025-09-24T07:28:06.600401', 'flat_rate', 3681.83, 'USD', '2025-04-08T07:28:06.600408', '2025-04-08T07:28:06.600410');
INSERT INTO contracts (contract_id, provider_id, contract_name, start_date, end_date, pricing_model, agreed_rate, currency, created_at, updated_at) VALUES (14, 11, 'Contract 14', '2024-07-26T07:28:06.600458', '2025-07-16T07:28:06.600463', 'flat_rate', 1121.59, 'USD', '2025-04-08T07:28:06.600469', '2025-04-08T07:28:06.600471');
INSERT INTO contracts (contract_id, provider_id, contract_name, start_date, end_date, pricing_model, agreed_rate, currency, created_at, updated_at) VALUES (15, 11, 'Contract 15', '2024-06-13T07:28:06.600477', '2025-06-04T07:28:06.600481', 'flat_rate', 4708.42, 'USD', '2025-04-08T07:28:06.600486', '2025-04-08T07:28:06.600488');
INSERT INTO contracts (contract_id, provider_id, contract_name, start_date, end_date, pricing_model, agreed_rate, currency, created_at, updated_at) VALUES (16, 12, 'Contract 16', '2024-11-17T07:28:06.600531', '2025-09-06T07:28:06.600536', 'per_consult', 4723.51, 'USD', '2025-04-08T07:28:06.600542', '2025-04-08T07:28:06.600544');
INSERT INTO contracts (contract_id, provider_id, contract_name, start_date, end_date, pricing_model, agreed_rate, currency, created_at, updated_at) VALUES (17, 13, 'Contract 17', '2024-10-26T07:28:06.600586', '2025-08-08T07:28:06.600591', 'flat_rate', 3892.53, 'USD', '2025-04-08T07:28:06.600617', '2025-04-08T07:28:06.600621');
INSERT INTO contracts (contract_id, provider_id, contract_name, start_date, end_date, pricing_model, agreed_rate, currency, created_at, updated_at) VALUES (18, 14, 'Contract 18', '2024-07-03T07:28:06.600696', '2025-05-18T07:28:06.600704', 'hybrid', 1574.5, 'USD', '2025-04-08T07:28:06.600714', '2025-04-08T07:28:06.600718');
INSERT INTO contracts (contract_id, provider_id, contract_name, start_date, end_date, pricing_model, agreed_rate, currency, created_at, updated_at) VALUES (19, 15, 'Contract 19', '2024-12-16T07:28:06.600777', '2025-07-21T07:28:06.600785', 'flat_rate', 1287.54, 'USD', '2025-04-08T07:28:06.600794', '2025-04-08T07:28:06.600796');
INSERT INTO contracts (contract_id, provider_id, contract_name, start_date, end_date, pricing_model, agreed_rate, currency, created_at, updated_at) VALUES (20, 15, 'Contract 20', '2024-11-22T07:28:06.600806', '2025-07-01T07:28:06.600813', 'flat_rate', 1696.85, 'USD', '2025-04-08T07:28:06.600822', '2025-04-08T07:28:06.600825');
INSERT INTO contracts (contract_id, provider_id, contract_name, start_date, end_date, pricing_model, agreed_rate, currency, created_at, updated_at) VALUES (21, 16, 'Contract 21', '2024-08-27T07:28:06.600925', '2025-09-24T07:28:06.600933', 'hybrid', 1766.15, 'USD', '2025-04-08T07:28:06.600943', '2025-04-08T07:28:06.600946');
INSERT INTO contracts (contract_id, provider_id, contract_name, start_date, end_date, pricing_model, agreed_rate, currency, created_at, updated_at) VALUES (22, 17, 'Contract 22', '2024-12-11T07:28:06.601045', '2025-05-28T07:28:06.601054', 'per_consult', 3473.42, 'USD', '2025-04-08T07:28:06.601064', '2025-04-08T07:28:06.601067');
INSERT INTO contracts (contract_id, provider_id, contract_name, start_date, end_date, pricing_model, agreed_rate, currency, created_at, updated_at) VALUES (23, 18, 'Contract 23', '2024-06-20T07:28:06.601146', '2025-06-01T07:28:06.601154', 'hybrid', 1851.48, 'USD', '2025-04-08T07:28:06.601163', '2025-04-08T07:28:06.601166');
INSERT INTO contracts (contract_id, provider_id, contract_name, start_date, end_date, pricing_model, agreed_rate, currency, created_at, updated_at) VALUES (24, 19, 'Contract 24', '2024-09-22T07:28:06.601235', '2025-07-09T07:28:06.601243', 'hybrid', 2393.24, 'USD', '2025-04-08T07:28:06.601253', '2025-04-08T07:28:06.601256');
INSERT INTO contracts (contract_id, provider_id, contract_name, start_date, end_date, pricing_model, agreed_rate, currency, created_at, updated_at) VALUES (25, 20, 'Contract 25', '2024-10-24T07:28:06.601330', '2025-09-25T07:28:06.601339', 'per_consult', 2512.55, 'USD', '2025-04-08T07:28:06.601349', '2025-04-08T07:28:06.601352');
INSERT INTO contracts (contract_id, provider_id, contract_name, start_date, end_date, pricing_model, agreed_rate, currency, created_at, updated_at) VALUES (26, 21, 'Contract 26', '2024-11-10T07:28:06.601421', '2025-06-22T07:28:06.601429', 'hybrid', 4935.38, 'USD', '2025-04-08T07:28:06.601435', '2025-04-08T07:28:06.601437');
INSERT INTO contracts (contract_id, provider_id, contract_name, start_date, end_date, pricing_model, agreed_rate, currency, created_at, updated_at) VALUES (27, 21, 'Contract 27', '2024-10-29T07:28:06.601446', '2025-06-11T07:28:06.601452', 'per_consult', 1171.12, 'USD', '2025-04-08T07:28:06.601461', '2025-04-08T07:28:06.601465');
INSERT INTO contracts (contract_id, provider_id, contract_name, start_date, end_date, pricing_model, agreed_rate, currency, created_at, updated_at) VALUES (28, 22, 'Contract 28', '2024-10-25T07:28:06.601527', '2025-06-04T07:28:06.601532', 'per_consult', 4482.58, 'USD', '2025-04-08T07:28:06.601538', '2025-04-08T07:28:06.601540');
INSERT INTO contracts (contract_id, provider_id, contract_name, start_date, end_date, pricing_model, agreed_rate, currency, created_at, updated_at) VALUES (29, 22, 'Contract 29', '2024-10-08T07:28:06.601547', '2025-06-03T07:28:06.601554', 'per_consult', 2369.91, 'USD', '2025-04-08T07:28:06.601562', '2025-04-08T07:28:06.601565');
INSERT INTO contracts (contract_id, provider_id, contract_name, start_date, end_date, pricing_model, agreed_rate, currency, created_at, updated_at) VALUES (30, 23, 'Contract 30', '2024-08-12T07:28:06.601625', '2025-06-07T07:28:06.601633', 'per_consult', 2345.91, 'USD', '2025-04-08T07:28:06.601643', '2025-04-08T07:28:06.601647');
INSERT INTO contracts (contract_id, provider_id, contract_name, start_date, end_date, pricing_model, agreed_rate, currency, created_at, updated_at) VALUES (31, 24, 'Contract 31', '2024-08-16T07:28:06.601727', '2025-05-31T07:28:06.601734', 'hybrid', 4164.81, 'USD', '2025-04-08T07:28:06.601742', '2025-04-08T07:28:06.601745');
INSERT INTO contracts (contract_id, provider_id, contract_name, start_date, end_date, pricing_model, agreed_rate, currency, created_at, updated_at) VALUES (32, 24, 'Contract 32', '2024-10-03T07:28:06.601754', '2025-06-29T07:28:06.601760', 'flat_rate', 4146.93, 'USD', '2025-04-08T07:28:06.601769', '2025-04-08T07:28:06.601772');
INSERT INTO contracts (contract_id, provider_id, contract_name, start_date, end_date, pricing_model, agreed_rate, currency, created_at, updated_at) VALUES (33, 25, 'Contract 33', '2024-06-18T07:28:06.601824', '2025-07-25T07:28:06.601829', 'flat_rate', 2721.13, 'USD', '2025-04-08T07:28:06.601834', '2025-04-08T07:28:06.601836');
INSERT INTO contracts (contract_id, provider_id, contract_name, start_date, end_date, pricing_model, agreed_rate, currency, created_at, updated_at) VALUES (34, 26, 'Contract 34', '2024-06-21T07:28:06.601880', '2025-06-22T07:28:06.601884', 'per_consult', 3815.79, 'USD', '2025-04-08T07:28:06.601890', '2025-04-08T07:28:06.601892');
INSERT INTO contracts (contract_id, provider_id, contract_name, start_date, end_date, pricing_model, agreed_rate, currency, created_at, updated_at) VALUES (35, 27, 'Contract 35', '2024-06-14T07:28:06.601933', '2025-09-11T07:28:06.601941', 'hybrid', 3015.26, 'USD', '2025-04-08T07:28:06.601947', '2025-04-08T07:28:06.601949');
INSERT INTO contracts (contract_id, provider_id, contract_name, start_date, end_date, pricing_model, agreed_rate, currency, created_at, updated_at) VALUES (36, 27, 'Contract 36', '2024-07-02T07:28:06.601955', '2025-05-27T07:28:06.601959', 'flat_rate', 1555.17, 'USD', '2025-04-08T07:28:06.601964', '2025-04-08T07:28:06.601966');
INSERT INTO contracts (contract_id, provider_id, contract_name, start_date, end_date, pricing_model, agreed_rate, currency, created_at, updated_at) VALUES (37, 28, 'Contract 37', '2024-07-09T07:28:06.602008', '2025-08-23T07:28:06.602013', 'per_consult', 3853.1, 'USD', '2025-04-08T07:28:06.602018', '2025-04-08T07:28:06.602020');
INSERT INTO contracts (contract_id, provider_id, contract_name, start_date, end_date, pricing_model, agreed_rate, currency, created_at, updated_at) VALUES (38, 29, 'Contract 38', '2024-07-03T07:28:06.602060', '2025-07-07T07:28:06.602065', 'flat_rate', 3067.24, 'USD', '2025-04-08T07:28:06.602070', '2025-04-08T07:28:06.602072');
INSERT INTO contracts (contract_id, provider_id, contract_name, start_date, end_date, pricing_model, agreed_rate, currency, created_at, updated_at) VALUES (39, 29, 'Contract 39', '2024-12-12T07:28:06.602080', '2025-07-06T07:28:06.602085', 'hybrid', 1095.6, 'USD', '2025-04-08T07:28:06.602093', '2025-04-08T07:28:06.602096');
INSERT INTO contracts (contract_id, provider_id, contract_name, start_date, end_date, pricing_model, agreed_rate, currency, created_at, updated_at) VALUES (40, 30, 'Contract 40', '2024-06-20T07:28:06.602167', '2025-09-24T07:28:06.602173', 'flat_rate', 3890.25, 'USD', '2025-04-08T07:28:06.602180', '2025-04-08T07:28:06.602182');
INSERT INTO screenings (screening_id, patient_id, provider_id, screening_date, screening_type, notes, fasting_glucose, hba1c, blood_pressure, has_diabetes, created_at, updated_at) VALUES (1, 1, 2, '2024-11-15T07:28:06.604354', 'Initial', 'Routine screening', 70.44, 6.01, 143.19, True, '2025-04-08T07:28:06.604382', '2025-04-08T07:28:06.604384');
INSERT INTO screenings (screening_id, patient_id, provider_id, screening_date, screening_type, notes, fasting_glucose, hba1c, blood_pressure, has_diabetes, created_at, updated_at) VALUES (2, 2, 22, '2025-01-12T07:28:06.604833', 'Initial', 'Routine screening', 122.07, 8.85, 133.75, True, '2025-04-08T07:28:06.604854', '2025-04-08T07:28:06.604856');
INSERT INTO screenings (screening_id, patient_id, provider_id, screening_date, screening_type, notes, fasting_glucose, hba1c, blood_pressure, has_diabetes, created_at, updated_at) VALUES (3, 2, 29, '2025-04-03T07:28:06.605253', 'Follow-up', 'Routine screening', 113.72, 5.2, 152.99, True, '2025-04-08T07:28:06.605274', '2025-04-08T07:28:06.605276');
INSERT INTO screenings (screening_id, patient_id, provider_id, screening_date, screening_type, notes, fasting_glucose, hba1c, blood_pressure, has_diabetes, created_at, updated_at) VALUES (4, 3, 8, '2025-01-03T07:28:06.605707', 'Initial', 'Routine screening', 97.75, 8.02, 83.45, False, '2025-04-08T07:28:06.605729', '2025-04-08T07:28:06.605731');
INSERT INTO screenings (screening_id, patient_id, provider_id, screening_date, screening_type, notes, fasting_glucose, hba1c, blood_pressure, has_diabetes, created_at, updated_at) VALUES (5, 4, 18, '2025-01-21T07:28:06.606073', 'Follow-up', 'Routine screening', 91.8, 4.84, 113.73, True, '2025-04-08T07:28:06.606100', '2025-04-08T07:28:06.606104');
INSERT INTO screenings (screening_id, patient_id, provider_id, screening_date, screening_type, notes, fasting_glucose, hba1c, blood_pressure, has_diabetes, created_at, updated_at) VALUES (6, 4, 13, '2025-03-27T07:28:06.606423', 'Initial', 'Routine screening', 115.39, 8.2, 108.21, False, '2025-04-08T07:28:06.606443', '2025-04-08T07:28:06.606445');
INSERT INTO screenings (screening_id, patient_id, provider_id, screening_date, screening_type, notes, fasting_glucose, hba1c, blood_pressure, has_diabetes, created_at, updated_at) VALUES (7, 4, 8, '2025-01-19T07:28:06.606772', 'Follow-up', 'Routine screening', 89.79, 8.84, 106.48, True, '2025-04-08T07:28:06.606793', '2025-04-08T07:28:06.606795');
INSERT INTO screenings (screening_id, patient_id, provider_id, screening_date, screening_type, notes, fasting_glucose, hba1c, blood_pressure, has_diabetes, created_at, updated_at) VALUES (8, 5, 9, '2024-11-27T07:28:06.607135', 'Initial', 'Routine screening', 89.29, 7.41, 134.83, False, '2025-04-08T07:28:06.607152', '2025-04-08T07:28:06.607154');
INSERT INTO screenings (screening_id, patient_id, provider_id, screening_date, screening_type, notes, fasting_glucose, hba1c, blood_pressure, has_diabetes, created_at, updated_at) VALUES (9, 6, 28, '2024-12-07T07:28:06.607510', 'Initial', 'Routine screening', 86.78, 7.66, 92.42, False, '2025-04-08T07:28:06.607530', '2025-04-08T07:28:06.607532');
INSERT INTO screenings (screening_id, patient_id, provider_id, screening_date, screening_type, notes, fasting_glucose, hba1c, blood_pressure, has_diabetes, created_at, updated_at) VALUES (10, 7, 16, '2024-12-05T07:28:06.607887', 'Follow-up', 'Routine screening', 127.24, 8.93, 153.19, True, '2025-04-08T07:28:06.607907', '2025-04-08T07:28:06.607909');
INSERT INTO screenings (screening_id, patient_id, provider_id, screening_date, screening_type, notes, fasting_glucose, hba1c, blood_pressure, has_diabetes, created_at, updated_at) VALUES (11, 7, 30, '2025-03-30T07:28:06.608146', 'Initial', 'Routine screening', 122.38, 5.48, 153.45, False, '2025-04-08T07:28:06.608163', '2025-04-08T07:28:06.608165');
INSERT INTO screenings (screening_id, patient_id, provider_id, screening_date, screening_type, notes, fasting_glucose, hba1c, blood_pressure, has_diabetes, created_at, updated_at) VALUES (12, 8, 8, '2025-03-31T07:28:06.608501', 'Follow-up', 'Routine screening', 125.54, 7.88, 81.85, False, '2025-04-08T07:28:06.608520', '2025-04-08T07:28:06.608522');
INSERT INTO screenings (screening_id, patient_id, provider_id, screening_date, screening_type, notes, fasting_glucose, hba1c, blood_pressure, has_diabetes, created_at, updated_at) VALUES (13, 8, 12, '2025-01-27T07:28:06.608790', 'Initial', 'Routine screening', 81.13, 6.53, 158.55, False, '2025-04-08T07:28:06.608809', '2025-04-08T07:28:06.608811');
INSERT INTO screenings (screening_id, patient_id, provider_id, screening_date, screening_type, notes, fasting_glucose, hba1c, blood_pressure, has_diabetes, created_at, updated_at) VALUES (14, 8, 8, '2024-10-27T07:28:06.609146', 'Initial', 'Routine screening', 86.94, 7.74, 116.07, False, '2025-04-08T07:28:06.609165', '2025-04-08T07:28:06.609168');
INSERT INTO screenings (screening_id, patient_id, provider_id, screening_date, screening_type, notes, fasting_glucose, hba1c, blood_pressure, has_diabetes, created_at, updated_at) VALUES (15, 9, 25, '2025-03-14T07:28:06.609515', 'Follow-up', 'Routine screening', 119.99, 5.21, 159.52, True, '2025-04-08T07:28:06.609534', '2025-04-08T07:28:06.609536');
INSERT INTO screenings (screening_id, patient_id, provider_id, screening_date, screening_type, notes, fasting_glucose, hba1c, blood_pressure, has_diabetes, created_at, updated_at) VALUES (16, 10, 3, '2024-12-04T07:28:06.609888', 'Initial', 'Routine screening', 117.12, 6.19, 150.28, True, '2025-04-08T07:28:06.609908', '2025-04-08T07:28:06.609910');
INSERT INTO screenings (screening_id, patient_id, provider_id, screening_date, screening_type, notes, fasting_glucose, hba1c, blood_pressure, has_diabetes, created_at, updated_at) VALUES (17, 10, 9, '2025-04-05T07:28:06.610162', 'Follow-up', 'Routine screening', 70.28, 6.57, 101.17, False, '2025-04-08T07:28:06.610181', '2025-04-08T07:28:06.610183');
INSERT INTO screenings (screening_id, patient_id, provider_id, screening_date, screening_type, notes, fasting_glucose, hba1c, blood_pressure, has_diabetes, created_at, updated_at) VALUES (18, 11, 13, '2025-01-18T07:28:06.610487', 'Follow-up', 'Routine screening', 123.53, 4.82, 147.12, True, '2025-04-08T07:28:06.610511', '2025-04-08T07:28:06.610513');
INSERT INTO screenings (screening_id, patient_id, provider_id, screening_date, screening_type, notes, fasting_glucose, hba1c, blood_pressure, has_diabetes, created_at, updated_at) VALUES (19, 12, 14, '2025-02-18T07:28:06.610827', 'Initial', 'Routine screening', 129.9, 8.62, 158.42, False, '2025-04-08T07:28:06.610851', '2025-04-08T07:28:06.610854');
INSERT INTO screenings (screening_id, patient_id, provider_id, screening_date, screening_type, notes, fasting_glucose, hba1c, blood_pressure, has_diabetes, created_at, updated_at) VALUES (20, 12, 5, '2024-12-15T07:28:06.611124', 'Initial', 'Routine screening', 108.78, 6.51, 134.99, False, '2025-04-08T07:28:06.611144', '2025-04-08T07:28:06.611147');
INSERT INTO screenings (screening_id, patient_id, provider_id, screening_date, screening_type, notes, fasting_glucose, hba1c, blood_pressure, has_diabetes, created_at, updated_at) VALUES (21, 12, 22, '2025-02-27T07:28:06.611386', 'Follow-up', 'Routine screening', 101.71, 8.57, 138.68, False, '2025-04-08T07:28:06.611404', '2025-04-08T07:28:06.611406');
INSERT INTO screenings (screening_id, patient_id, provider_id, screening_date, screening_type, notes, fasting_glucose, hba1c, blood_pressure, has_diabetes, created_at, updated_at) VALUES (22, 13, 10, '2025-01-21T07:28:06.611742', 'Initial', 'Routine screening', 127.49, 7.84, 99.49, True, '2025-04-08T07:28:06.611761', '2025-04-08T07:28:06.611764');
INSERT INTO screenings (screening_id, patient_id, provider_id, screening_date, screening_type, notes, fasting_glucose, hba1c, blood_pressure, has_diabetes, created_at, updated_at) VALUES (23, 14, 18, '2025-01-15T07:28:06.612143', 'Initial', 'Routine screening', 80.21, 5.74, 118.9, False, '2025-04-08T07:28:06.612163', '2025-04-08T07:28:06.612165');
INSERT INTO screenings (screening_id, patient_id, provider_id, screening_date, screening_type, notes, fasting_glucose, hba1c, blood_pressure, has_diabetes, created_at, updated_at) VALUES (24, 14, 27, '2024-11-23T07:28:06.612441', 'Follow-up', 'Routine screening', 116.44, 5.43, 99.04, True, '2025-04-08T07:28:06.612460', '2025-04-08T07:28:06.612462');
INSERT INTO screenings (screening_id, patient_id, provider_id, screening_date, screening_type, notes, fasting_glucose, hba1c, blood_pressure, has_diabetes, created_at, updated_at) VALUES (25, 14, 26, '2024-11-30T07:28:06.612749', 'Follow-up', 'Routine screening', 105.79, 8.67, 95.9, False, '2025-04-08T07:28:06.612769', '2025-04-08T07:28:06.612772');
INSERT INTO screenings (screening_id, patient_id, provider_id, screening_date, screening_type, notes, fasting_glucose, hba1c, blood_pressure, has_diabetes, created_at, updated_at) VALUES (26, 15, 23, '2024-12-13T07:28:06.613144', 'Initial', 'Routine screening', 104.04, 7.97, 154.76, False, '2025-04-08T07:28:06.613165', '2025-04-08T07:28:06.613167');
INSERT INTO screenings (screening_id, patient_id, provider_id, screening_date, screening_type, notes, fasting_glucose, hba1c, blood_pressure, has_diabetes, created_at, updated_at) VALUES (27, 16, 6, '2024-11-09T07:28:06.613477', 'Initial', 'Routine screening', 94.8, 5.75, 110.86, True, '2025-04-08T07:28:06.613499', '2025-04-08T07:28:06.613501');
INSERT INTO screenings (screening_id, patient_id, provider_id, screening_date, screening_type, notes, fasting_glucose, hba1c, blood_pressure, has_diabetes, created_at, updated_at) VALUES (28, 16, 4, '2025-03-11T07:28:06.613745', 'Follow-up', 'Routine screening', 70.88, 8.71, 124.24, False, '2025-04-08T07:28:06.613769', '2025-04-08T07:28:06.613772');
INSERT INTO screenings (screening_id, patient_id, provider_id, screening_date, screening_type, notes, fasting_glucose, hba1c, blood_pressure, has_diabetes, created_at, updated_at) VALUES (29, 16, 22, '2024-11-14T07:28:06.614034', 'Initial', 'Routine screening', 82.56, 6.06, 117.88, False, '2025-04-08T07:28:06.614053', '2025-04-08T07:28:06.614055');
INSERT INTO screenings (screening_id, patient_id, provider_id, screening_date, screening_type, notes, fasting_glucose, hba1c, blood_pressure, has_diabetes, created_at, updated_at) VALUES (30, 17, 11, '2025-01-28T07:28:06.614391', 'Follow-up', 'Routine screening', 83.16, 8.93, 151.36, True, '2025-04-08T07:28:06.614411', '2025-04-08T07:28:06.614413');
INSERT INTO screenings (screening_id, patient_id, provider_id, screening_date, screening_type, notes, fasting_glucose, hba1c, blood_pressure, has_diabetes, created_at, updated_at) VALUES (31, 17, 25, '2025-02-19T07:28:06.614649', 'Initial', 'Routine screening', 115.06, 8.09, 85.77, False, '2025-04-08T07:28:06.614667', '2025-04-08T07:28:06.614669');
INSERT INTO screenings (screening_id, patient_id, provider_id, screening_date, screening_type, notes, fasting_glucose, hba1c, blood_pressure, has_diabetes, created_at, updated_at) VALUES (32, 17, 26, '2025-04-07T07:28:06.614958', 'Initial', 'Routine screening', 72.86, 6.06, 129.25, False, '2025-04-08T07:28:06.614979', '2025-04-08T07:28:06.614981');
INSERT INTO screenings (screening_id, patient_id, provider_id, screening_date, screening_type, notes, fasting_glucose, hba1c, blood_pressure, has_diabetes, created_at, updated_at) VALUES (33, 18, 23, '2025-01-08T07:28:06.615300', 'Initial', 'Routine screening', 110.97, 4.97, 131.26, True, '2025-04-08T07:28:06.615319', '2025-04-08T07:28:06.615321');
INSERT INTO screenings (screening_id, patient_id, provider_id, screening_date, screening_type, notes, fasting_glucose, hba1c, blood_pressure, has_diabetes, created_at, updated_at) VALUES (34, 19, 4, '2025-03-23T07:28:06.615653', 'Initial', 'Routine screening', 86.35, 6.2, 106.81, False, '2025-04-08T07:28:06.615672', '2025-04-08T07:28:06.615674');
INSERT INTO screenings (screening_id, patient_id, provider_id, screening_date, screening_type, notes, fasting_glucose, hba1c, blood_pressure, has_diabetes, created_at, updated_at) VALUES (35, 20, 25, '2025-01-20T07:28:06.616001', 'Follow-up', 'Routine screening', 96.72, 7.74, 110.88, True, '2025-04-08T07:28:06.616020', '2025-04-08T07:28:06.616023');
INSERT INTO screenings (screening_id, patient_id, provider_id, screening_date, screening_type, notes, fasting_glucose, hba1c, blood_pressure, has_diabetes, created_at, updated_at) VALUES (36, 20, 14, '2025-01-05T07:28:06.616252', 'Initial', 'Routine screening', 94.89, 6.09, 131.61, False, '2025-04-08T07:28:06.616268', '2025-04-08T07:28:06.616270');
INSERT INTO transactions (transaction_id, contract_id, transaction_type, amount, currency, converted_to_usd, transaction_date, descriptive_notes, created_at, updated_at) VALUES (1, 1, 'misc', 1469.77, 'USD', 1708.82, '2025-03-12T07:28:06.618176', 'Generated transaction', '2025-04-08T07:28:06.618186', '2025-04-08T07:28:06.618189');
INSERT INTO transactions (transaction_id, contract_id, transaction_type, amount, currency, converted_to_usd, transaction_date, descriptive_notes, created_at, updated_at) VALUES (2, 1, 'screening_fee', 1850.62, 'USD', 1978.17, '2025-04-04T07:28:06.618201', 'Generated transaction', '2025-04-08T07:28:06.618205', '2025-04-08T07:28:06.618207');
INSERT INTO transactions (transaction_id, contract_id, transaction_type, amount, currency, converted_to_usd, transaction_date, descriptive_notes, created_at, updated_at) VALUES (3, 1, 'screening_fee', 2103.83, 'USD', 2208.01, '2025-04-01T07:28:06.618215', 'Generated transaction', '2025-04-08T07:28:06.618219', '2025-04-08T07:28:06.618221');
INSERT INTO transactions (transaction_id, contract_id, transaction_type, amount, currency, converted_to_usd, transaction_date, descriptive_notes, created_at, updated_at) VALUES (4, 2, 'admin_fee', 2333.46, 'USD', 2396.92, '2024-11-27T07:28:06.618303', 'Generated transaction', '2025-04-08T07:28:06.618309', '2025-04-08T07:28:06.618311');
INSERT INTO transactions (transaction_id, contract_id, transaction_type, amount, currency, converted_to_usd, transaction_date, descriptive_notes, created_at, updated_at) VALUES (5, 2, 'admin_fee', 534.19, 'USD', 625.01, '2024-11-03T07:28:06.618320', 'Generated transaction', '2025-04-08T07:28:06.618324', '2025-04-08T07:28:06.618326');
INSERT INTO transactions (transaction_id, contract_id, transaction_type, amount, currency, converted_to_usd, transaction_date, descriptive_notes, created_at, updated_at) VALUES (6, 3, 'admin_fee', 869.93, 'USD', 943.87, '2025-02-20T07:28:06.618393', 'Generated transaction', '2025-04-08T07:28:06.618399', '2025-04-08T07:28:06.618401');
INSERT INTO transactions (transaction_id, contract_id, transaction_type, amount, currency, converted_to_usd, transaction_date, descriptive_notes, created_at, updated_at) VALUES (7, 4, 'screening_fee', 1730.18, 'USD', 1894.95, '2025-04-07T07:28:06.618450', 'Generated transaction', '2025-04-08T07:28:06.618455', '2025-04-08T07:28:06.618457');
INSERT INTO transactions (transaction_id, contract_id, transaction_type, amount, currency, converted_to_usd, transaction_date, descriptive_notes, created_at, updated_at) VALUES (8, 4, 'misc', 1895.13, 'USD', 2197.65, '2024-12-28T07:28:06.618465', 'Generated transaction', '2025-04-08T07:28:06.618469', '2025-04-08T07:28:06.618471');
INSERT INTO transactions (transaction_id, contract_id, transaction_type, amount, currency, converted_to_usd, transaction_date, descriptive_notes, created_at, updated_at) VALUES (9, 5, 'admin_fee', 645.15, 'USD', 760.6, '2025-02-15T07:28:06.618535', 'Generated transaction', '2025-04-08T07:28:06.618542', '2025-04-08T07:28:06.618544');
INSERT INTO transactions (transaction_id, contract_id, transaction_type, amount, currency, converted_to_usd, transaction_date, descriptive_notes, created_at, updated_at) VALUES (10, 6, 'screening_fee', 1731.15, 'USD', 1773.34, '2024-11-29T07:28:06.618602', 'Generated transaction', '2025-04-08T07:28:06.618610', '2025-04-08T07:28:06.618612');
INSERT INTO transactions (transaction_id, contract_id, transaction_type, amount, currency, converted_to_usd, transaction_date, descriptive_notes, created_at, updated_at) VALUES (11, 6, 'misc', 1280.99, 'USD', 1512.59, '2024-11-18T07:28:06.618621', 'Generated transaction', '2025-04-08T07:28:06.618625', '2025-04-08T07:28:06.618627');
INSERT INTO transactions (transaction_id, contract_id, transaction_type, amount, currency, converted_to_usd, transaction_date, descriptive_notes, created_at, updated_at) VALUES (12, 6, 'admin_fee', 1202.61, 'USD', 1227.6, '2024-10-30T07:28:06.618634', 'Generated transaction', '2025-04-08T07:28:06.618638', '2025-04-08T07:28:06.618640');
INSERT INTO transactions (transaction_id, contract_id, transaction_type, amount, currency, converted_to_usd, transaction_date, descriptive_notes, created_at, updated_at) VALUES (13, 7, 'admin_fee', 519.73, 'USD', 520.96, '2025-03-30T07:28:06.618690', 'Generated transaction', '2025-04-08T07:28:06.618694', '2025-04-08T07:28:06.618696');
INSERT INTO transactions (transaction_id, contract_id, transaction_type, amount, currency, converted_to_usd, transaction_date, descriptive_notes, created_at, updated_at) VALUES (14, 7, 'screening_fee', 1615.36, 'USD', 1915.95, '2024-10-22T07:28:06.618704', 'Generated transaction', '2025-04-08T07:28:06.618707', '2025-04-08T07:28:06.618709');
INSERT INTO transactions (transaction_id, contract_id, transaction_type, amount, currency, converted_to_usd, transaction_date, descriptive_notes, created_at, updated_at) VALUES (15, 7, 'admin_fee', 941.88, 'USD', 1076.17, '2025-04-05T07:28:06.618718', 'Generated transaction', '2025-04-08T07:28:06.618721', '2025-04-08T07:28:06.618723');
INSERT INTO transactions (transaction_id, contract_id, transaction_type, amount, currency, converted_to_usd, transaction_date, descriptive_notes, created_at, updated_at) VALUES (16, 8, 'misc', 1432.06, 'USD', 1616.61, '2024-11-25T07:28:06.618768', 'Generated transaction', '2025-04-08T07:28:06.618772', '2025-04-08T07:28:06.618774');
INSERT INTO transactions (transaction_id, contract_id, transaction_type, amount, currency, converted_to_usd, transaction_date, descriptive_notes, created_at, updated_at) VALUES (17, 9, 'misc', 641.79, 'USD', 678.48, '2025-03-31T07:28:06.618829', 'Generated transaction', '2025-04-08T07:28:06.618834', '2025-04-08T07:28:06.618836');
INSERT INTO transactions (transaction_id, contract_id, transaction_type, amount, currency, converted_to_usd, transaction_date, descriptive_notes, created_at, updated_at) VALUES (18, 10, 'misc', 1559.52, 'USD', 1671.76, '2025-01-27T07:28:06.618883', 'Generated transaction', '2025-04-08T07:28:06.618888', '2025-04-08T07:28:06.618889');
INSERT INTO transactions (transaction_id, contract_id, transaction_type, amount, currency, converted_to_usd, transaction_date, descriptive_notes, created_at, updated_at) VALUES (19, 10, 'screening_fee', 1304.66, 'USD', 1474.41, '2025-02-04T07:28:06.618897', 'Generated transaction', '2025-04-08T07:28:06.618901', '2025-04-08T07:28:06.618903');
INSERT INTO transactions (transaction_id, contract_id, transaction_type, amount, currency, converted_to_usd, transaction_date, descriptive_notes, created_at, updated_at) VALUES (20, 10, 'screening_fee', 694.77, 'USD', 700.56, '2024-10-22T07:28:06.618910', 'Generated transaction', '2025-04-08T07:28:06.618914', '2025-04-08T07:28:06.618916');
INSERT INTO transactions (transaction_id, contract_id, transaction_type, amount, currency, converted_to_usd, transaction_date, descriptive_notes, created_at, updated_at) VALUES (21, 11, 'screening_fee', 931.77, 'USD', 1088.19, '2024-12-07T07:28:06.618970', 'Generated transaction', '2025-04-08T07:28:06.618974', '2025-04-08T07:28:06.618976');
INSERT INTO transactions (transaction_id, contract_id, transaction_type, amount, currency, converted_to_usd, transaction_date, descriptive_notes, created_at, updated_at) VALUES (22, 11, 'admin_fee', 1266.86, 'USD', 1424.31, '2024-12-21T07:28:06.618985', 'Generated transaction', '2025-04-08T07:28:06.618989', '2025-04-08T07:28:06.618990');
INSERT INTO transactions (transaction_id, contract_id, transaction_type, amount, currency, converted_to_usd, transaction_date, descriptive_notes, created_at, updated_at) VALUES (23, 11, 'misc', 1660.0, 'USD', 1883.32, '2025-03-29T07:28:06.618998', 'Generated transaction', '2025-04-08T07:28:06.619001', '2025-04-08T07:28:06.619003');
INSERT INTO transactions (transaction_id, contract_id, transaction_type, amount, currency, converted_to_usd, transaction_date, descriptive_notes, created_at, updated_at) VALUES (24, 12, 'misc', 744.71, 'USD', 747.38, '2025-01-18T07:28:06.619065', 'Generated transaction', '2025-04-08T07:28:06.619071', '2025-04-08T07:28:06.619073');
INSERT INTO transactions (transaction_id, contract_id, transaction_type, amount, currency, converted_to_usd, transaction_date, descriptive_notes, created_at, updated_at) VALUES (25, 12, 'screening_fee', 1773.91, 'USD', 1934.37, '2025-03-20T07:28:06.619080', 'Generated transaction', '2025-04-08T07:28:06.619084', '2025-04-08T07:28:06.619086');
INSERT INTO transactions (transaction_id, contract_id, transaction_type, amount, currency, converted_to_usd, transaction_date, descriptive_notes, created_at, updated_at) VALUES (26, 12, 'misc', 2259.85, 'USD', 2557.66, '2024-10-22T07:28:06.619093', 'Generated transaction', '2025-04-08T07:28:06.619096', '2025-04-08T07:28:06.619098');
INSERT INTO transactions (transaction_id, contract_id, transaction_type, amount, currency, converted_to_usd, transaction_date, descriptive_notes, created_at, updated_at) VALUES (27, 13, 'admin_fee', 632.34, 'USD', 690.51, '2025-02-04T07:28:06.619147', 'Generated transaction', '2025-04-08T07:28:06.619152', '2025-04-08T07:28:06.619155');
INSERT INTO transactions (transaction_id, contract_id, transaction_type, amount, currency, converted_to_usd, transaction_date, descriptive_notes, created_at, updated_at) VALUES (28, 14, 'misc', 1361.89, 'USD', 1513.68, '2024-11-19T07:28:06.619218', 'Generated transaction', '2025-04-08T07:28:06.619227', '2025-04-08T07:28:06.619229');
INSERT INTO transactions (transaction_id, contract_id, transaction_type, amount, currency, converted_to_usd, transaction_date, descriptive_notes, created_at, updated_at) VALUES (29, 14, 'screening_fee', 2112.94, 'USD', 2337.1, '2025-01-14T07:28:06.619241', 'Generated transaction', '2025-04-08T07:28:06.619247', '2025-04-08T07:28:06.619249');
INSERT INTO transactions (transaction_id, contract_id, transaction_type, amount, currency, converted_to_usd, transaction_date, descriptive_notes, created_at, updated_at) VALUES (30, 15, 'screening_fee', 1059.09, 'USD', 1203.99, '2024-10-20T07:28:06.619317', 'Generated transaction', '2025-04-08T07:28:06.619322', '2025-04-08T07:28:06.619324');
INSERT INTO transactions (transaction_id, contract_id, transaction_type, amount, currency, converted_to_usd, transaction_date, descriptive_notes, created_at, updated_at) VALUES (31, 15, 'admin_fee', 2004.45, 'USD', 2015.73, '2024-12-28T07:28:06.619332', 'Generated transaction', '2025-04-08T07:28:06.619336', '2025-04-08T07:28:06.619338');
INSERT INTO transactions (transaction_id, contract_id, transaction_type, amount, currency, converted_to_usd, transaction_date, descriptive_notes, created_at, updated_at) VALUES (32, 15, 'misc', 1945.27, 'USD', 2058.47, '2025-02-01T07:28:06.619346', 'Generated transaction', '2025-04-08T07:28:06.619349', '2025-04-08T07:28:06.619351');
INSERT INTO transactions (transaction_id, contract_id, transaction_type, amount, currency, converted_to_usd, transaction_date, descriptive_notes, created_at, updated_at) VALUES (33, 16, 'admin_fee', 1812.67, 'USD', 1874.54, '2025-04-03T07:28:06.619410', 'Generated transaction', '2025-04-08T07:28:06.619418', '2025-04-08T07:28:06.619420');
INSERT INTO transactions (transaction_id, contract_id, transaction_type, amount, currency, converted_to_usd, transaction_date, descriptive_notes, created_at, updated_at) VALUES (34, 17, 'admin_fee', 2450.83, 'USD', 2850.82, '2024-12-01T07:28:06.619485', 'Generated transaction', '2025-04-08T07:28:06.619491', '2025-04-08T07:28:06.619492');
INSERT INTO transactions (transaction_id, contract_id, transaction_type, amount, currency, converted_to_usd, transaction_date, descriptive_notes, created_at, updated_at) VALUES (35, 17, 'admin_fee', 1688.0, 'USD', 1780.7, '2024-11-30T07:28:06.619501', 'Generated transaction', '2025-04-08T07:28:06.619506', '2025-04-08T07:28:06.619507');
INSERT INTO transactions (transaction_id, contract_id, transaction_type, amount, currency, converted_to_usd, transaction_date, descriptive_notes, created_at, updated_at) VALUES (36, 17, 'screening_fee', 1360.12, 'USD', 1590.96, '2025-01-26T07:28:06.619515', 'Generated transaction', '2025-04-08T07:28:06.619519', '2025-04-08T07:28:06.619521');
INSERT INTO transactions (transaction_id, contract_id, transaction_type, amount, currency, converted_to_usd, transaction_date, descriptive_notes, created_at, updated_at) VALUES (37, 18, 'misc', 2491.05, 'USD', 2510.02, '2024-11-26T07:28:06.619568', 'Generated transaction', '2025-04-08T07:28:06.619572', '2025-04-08T07:28:06.619574');
INSERT INTO transactions (transaction_id, contract_id, transaction_type, amount, currency, converted_to_usd, transaction_date, descriptive_notes, created_at, updated_at) VALUES (38, 19, 'screening_fee', 730.75, 'USD', 845.81, '2025-01-26T07:28:06.619652', 'Generated transaction', '2025-04-08T07:28:06.619658', '2025-04-08T07:28:06.619660');
INSERT INTO transactions (transaction_id, contract_id, transaction_type, amount, currency, converted_to_usd, transaction_date, descriptive_notes, created_at, updated_at) VALUES (39, 20, 'admin_fee', 2332.99, 'USD', 2710.39, '2025-03-22T07:28:06.619721', 'Generated transaction', '2025-04-08T07:28:06.619728', '2025-04-08T07:28:06.619730');
INSERT INTO transactions (transaction_id, contract_id, transaction_type, amount, currency, converted_to_usd, transaction_date, descriptive_notes, created_at, updated_at) VALUES (40, 20, 'misc', 512.03, 'USD', 547.78, '2024-12-12T07:28:06.619742', 'Generated transaction', '2025-04-08T07:28:06.619746', '2025-04-08T07:28:06.619748');
INSERT INTO transactions (transaction_id, contract_id, transaction_type, amount, currency, converted_to_usd, transaction_date, descriptive_notes, created_at, updated_at) VALUES (41, 20, 'screening_fee', 536.09, 'USD', 581.56, '2024-10-23T07:28:06.619756', 'Generated transaction', '2025-04-08T07:28:06.619759', '2025-04-08T07:28:06.619761');
INSERT INTO transactions (transaction_id, contract_id, transaction_type, amount, currency, converted_to_usd, transaction_date, descriptive_notes, created_at, updated_at) VALUES (42, 21, 'screening_fee', 2413.28, 'USD', 2455.09, '2025-03-22T07:28:06.619815', 'Generated transaction', '2025-04-08T07:28:06.619820', '2025-04-08T07:28:06.619822');
INSERT INTO transactions (transaction_id, contract_id, transaction_type, amount, currency, converted_to_usd, transaction_date, descriptive_notes, created_at, updated_at) VALUES (43, 22, 'screening_fee', 1949.9, 'USD', 2191.8, '2025-01-11T07:28:06.619867', 'Generated transaction', '2025-04-08T07:28:06.619872', '2025-04-08T07:28:06.619875');
INSERT INTO transactions (transaction_id, contract_id, transaction_type, amount, currency, converted_to_usd, transaction_date, descriptive_notes, created_at, updated_at) VALUES (44, 22, 'screening_fee', 739.84, 'USD', 834.98, '2024-12-29T07:28:06.619888', 'Generated transaction', '2025-04-08T07:28:06.619894', '2025-04-08T07:28:06.619897');
INSERT INTO transactions (transaction_id, contract_id, transaction_type, amount, currency, converted_to_usd, transaction_date, descriptive_notes, created_at, updated_at) VALUES (45, 23, 'screening_fee', 2456.53, 'USD', 2800.32, '2025-02-27T07:28:06.619947', 'Generated transaction', '2025-04-08T07:28:06.619952', '2025-04-08T07:28:06.619954');
INSERT INTO transactions (transaction_id, contract_id, transaction_type, amount, currency, converted_to_usd, transaction_date, descriptive_notes, created_at, updated_at) VALUES (46, 24, 'misc', 707.38, 'USD', 767.81, '2024-12-19T07:28:06.619997', 'Generated transaction', '2025-04-08T07:28:06.620001', '2025-04-08T07:28:06.620003');
INSERT INTO transactions (transaction_id, contract_id, transaction_type, amount, currency, converted_to_usd, transaction_date, descriptive_notes, created_at, updated_at) VALUES (47, 24, 'admin_fee', 2254.08, 'USD', 2555.45, '2025-03-04T07:28:06.620011', 'Generated transaction', '2025-04-08T07:28:06.620015', '2025-04-08T07:28:06.620017');
INSERT INTO transactions (transaction_id, contract_id, transaction_type, amount, currency, converted_to_usd, transaction_date, descriptive_notes, created_at, updated_at) VALUES (48, 25, 'screening_fee', 1747.05, 'USD', 2025.42, '2025-01-03T07:28:06.620060', 'Generated transaction', '2025-04-08T07:28:06.620065', '2025-04-08T07:28:06.620067');
INSERT INTO transactions (transaction_id, contract_id, transaction_type, amount, currency, converted_to_usd, transaction_date, descriptive_notes, created_at, updated_at) VALUES (49, 25, 'screening_fee', 946.23, 'USD', 1088.43, '2025-03-11T07:28:06.620075', 'Generated transaction', '2025-04-08T07:28:06.620078', '2025-04-08T07:28:06.620080');
INSERT INTO transactions (transaction_id, contract_id, transaction_type, amount, currency, converted_to_usd, transaction_date, descriptive_notes, created_at, updated_at) VALUES (50, 26, 'misc', 823.1, 'USD', 855.74, '2024-10-28T07:28:06.620134', 'Generated transaction', '2025-04-08T07:28:06.620139', '2025-04-08T07:28:06.620141');
INSERT INTO transactions (transaction_id, contract_id, transaction_type, amount, currency, converted_to_usd, transaction_date, descriptive_notes, created_at, updated_at) VALUES (51, 26, 'misc', 1067.65, 'USD', 1104.22, '2025-02-06T07:28:06.620149', 'Generated transaction', '2025-04-08T07:28:06.620152', '2025-04-08T07:28:06.620154');
INSERT INTO transactions (transaction_id, contract_id, transaction_type, amount, currency, converted_to_usd, transaction_date, descriptive_notes, created_at, updated_at) VALUES (52, 26, 'misc', 2332.22, 'USD', 2735.02, '2025-02-03T07:28:06.620162', 'Generated transaction', '2025-04-08T07:28:06.620165', '2025-04-08T07:28:06.620167');
INSERT INTO transactions (transaction_id, contract_id, transaction_type, amount, currency, converted_to_usd, transaction_date, descriptive_notes, created_at, updated_at) VALUES (53, 27, 'misc', 2215.81, 'USD', 2409.81, '2025-01-13T07:28:06.620213', 'Generated transaction', '2025-04-08T07:28:06.620217', '2025-04-08T07:28:06.620219');
INSERT INTO transactions (transaction_id, contract_id, transaction_type, amount, currency, converted_to_usd, transaction_date, descriptive_notes, created_at, updated_at) VALUES (54, 27, 'screening_fee', 2256.44, 'USD', 2482.82, '2024-11-06T07:28:06.620227', 'Generated transaction', '2025-04-08T07:28:06.620233', '2025-04-08T07:28:06.620236');
INSERT INTO transactions (transaction_id, contract_id, transaction_type, amount, currency, converted_to_usd, transaction_date, descriptive_notes, created_at, updated_at) VALUES (55, 28, 'misc', 2336.5, 'USD', 2370.06, '2024-10-19T07:28:06.620300', 'Generated transaction', '2025-04-08T07:28:06.620305', '2025-04-08T07:28:06.620307');
INSERT INTO transactions (transaction_id, contract_id, transaction_type, amount, currency, converted_to_usd, transaction_date, descriptive_notes, created_at, updated_at) VALUES (56, 28, 'misc', 2221.75, 'USD', 2388.6, '2025-02-02T07:28:06.620315', 'Generated transaction', '2025-04-08T07:28:06.620319', '2025-04-08T07:28:06.620320');
INSERT INTO transactions (transaction_id, contract_id, transaction_type, amount, currency, converted_to_usd, transaction_date, descriptive_notes, created_at, updated_at) VALUES (57, 28, 'misc', 2261.1, 'USD', 2345.15, '2025-01-12T07:28:06.620328', 'Generated transaction', '2025-04-08T07:28:06.620331', '2025-04-08T07:28:06.620333');
INSERT INTO transactions (transaction_id, contract_id, transaction_type, amount, currency, converted_to_usd, transaction_date, descriptive_notes, created_at, updated_at) VALUES (58, 29, 'screening_fee', 883.35, 'USD', 898.33, '2025-02-03T07:28:06.620378', 'Generated transaction', '2025-04-08T07:28:06.620382', '2025-04-08T07:28:06.620384');
INSERT INTO transactions (transaction_id, contract_id, transaction_type, amount, currency, converted_to_usd, transaction_date, descriptive_notes, created_at, updated_at) VALUES (59, 30, 'screening_fee', 1989.55, 'USD', 2378.25, '2024-10-11T07:28:06.620441', 'Generated transaction', '2025-04-08T07:28:06.620446', '2025-04-08T07:28:06.620448');
INSERT INTO transactions (transaction_id, contract_id, transaction_type, amount, currency, converted_to_usd, transaction_date, descriptive_notes, created_at, updated_at) VALUES (60, 30, 'admin_fee', 1761.57, 'USD', 2097.09, '2025-03-22T07:28:06.620456', 'Generated transaction', '2025-04-08T07:28:06.620459', '2025-04-08T07:28:06.620461');
INSERT INTO transactions (transaction_id, contract_id, transaction_type, amount, currency, converted_to_usd, transaction_date, descriptive_notes, created_at, updated_at) VALUES (61, 31, 'misc', 955.62, 'USD', 1075.4, '2024-10-18T07:28:06.620507', 'Generated transaction', '2025-04-08T07:28:06.620512', '2025-04-08T07:28:06.620514');
INSERT INTO transactions (transaction_id, contract_id, transaction_type, amount, currency, converted_to_usd, transaction_date, descriptive_notes, created_at, updated_at) VALUES (62, 31, 'screening_fee', 877.73, 'USD', 950.09, '2025-01-22T07:28:06.620538', 'Generated transaction', '2025-04-08T07:28:06.620545', '2025-04-08T07:28:06.620547');
INSERT INTO transactions (transaction_id, contract_id, transaction_type, amount, currency, converted_to_usd, transaction_date, descriptive_notes, created_at, updated_at) VALUES (63, 32, 'admin_fee', 1651.92, 'USD', 1867.53, '2024-12-12T07:28:06.620606', 'Generated transaction', '2025-04-08T07:28:06.620611', '2025-04-08T07:28:06.620613');
INSERT INTO transactions (transaction_id, contract_id, transaction_type, amount, currency, converted_to_usd, transaction_date, descriptive_notes, created_at, updated_at) VALUES (64, 32, 'screening_fee', 1174.45, 'USD', 1322.41, '2024-11-11T07:28:06.620621', 'Generated transaction', '2025-04-08T07:28:06.620624', '2025-04-08T07:28:06.620626');
INSERT INTO transactions (transaction_id, contract_id, transaction_type, amount, currency, converted_to_usd, transaction_date, descriptive_notes, created_at, updated_at) VALUES (65, 33, 'screening_fee', 803.39, 'USD', 963.33, '2024-10-11T07:28:06.620707', 'Generated transaction', '2025-04-08T07:28:06.620714', '2025-04-08T07:28:06.620716');
INSERT INTO transactions (transaction_id, contract_id, transaction_type, amount, currency, converted_to_usd, transaction_date, descriptive_notes, created_at, updated_at) VALUES (66, 34, 'misc', 1980.98, 'USD', 2349.97, '2025-01-25T07:28:06.620788', 'Generated transaction', '2025-04-08T07:28:06.620795', '2025-04-08T07:28:06.620797');
INSERT INTO transactions (transaction_id, contract_id, transaction_type, amount, currency, converted_to_usd, transaction_date, descriptive_notes, created_at, updated_at) VALUES (67, 34, 'misc', 2244.54, 'USD', 2252.07, '2024-10-14T07:28:06.620806', 'Generated transaction', '2025-04-08T07:28:06.620809', '2025-04-08T07:28:06.620811');
INSERT INTO transactions (transaction_id, contract_id, transaction_type, amount, currency, converted_to_usd, transaction_date, descriptive_notes, created_at, updated_at) VALUES (68, 34, 'misc', 525.77, 'USD', 597.4, '2025-01-01T07:28:06.620819', 'Generated transaction', '2025-04-08T07:28:06.620823', '2025-04-08T07:28:06.620824');
INSERT INTO transactions (transaction_id, contract_id, transaction_type, amount, currency, converted_to_usd, transaction_date, descriptive_notes, created_at, updated_at) VALUES (69, 35, 'screening_fee', 2013.76, 'USD', 2228.5, '2025-01-05T07:28:06.620876', 'Generated transaction', '2025-04-08T07:28:06.620881', '2025-04-08T07:28:06.620883');
INSERT INTO transactions (transaction_id, contract_id, transaction_type, amount, currency, converted_to_usd, transaction_date, descriptive_notes, created_at, updated_at) VALUES (70, 35, 'screening_fee', 717.71, 'USD', 829.6, '2025-01-21T07:28:06.620917', 'Generated transaction', '2025-04-08T07:28:06.620927', '2025-04-08T07:28:06.620929');
INSERT INTO transactions (transaction_id, contract_id, transaction_type, amount, currency, converted_to_usd, transaction_date, descriptive_notes, created_at, updated_at) VALUES (71, 35, 'admin_fee', 1943.95, 'USD', 2173.33, '2025-02-10T07:28:06.620944', 'Generated transaction', '2025-04-08T07:28:06.620949', '2025-04-08T07:28:06.620952');
INSERT INTO transactions (transaction_id, contract_id, transaction_type, amount, currency, converted_to_usd, transaction_date, descriptive_notes, created_at, updated_at) VALUES (72, 36, 'admin_fee', 2255.79, 'USD', 2331.45, '2024-12-25T07:28:06.621038', 'Generated transaction', '2025-04-08T07:28:06.621043', '2025-04-08T07:28:06.621045');
INSERT INTO transactions (transaction_id, contract_id, transaction_type, amount, currency, converted_to_usd, transaction_date, descriptive_notes, created_at, updated_at) VALUES (73, 36, 'screening_fee', 1471.55, 'USD', 1697.0, '2024-11-09T07:28:06.621058', 'Generated transaction', '2025-04-08T07:28:06.621065', '2025-04-08T07:28:06.621069');
INSERT INTO transactions (transaction_id, contract_id, transaction_type, amount, currency, converted_to_usd, transaction_date, descriptive_notes, created_at, updated_at) VALUES (74, 37, 'misc', 1395.67, 'USD', 1496.62, '2025-04-01T07:28:06.621123', 'Generated transaction', '2025-04-08T07:28:06.621128', '2025-04-08T07:28:06.621130');
INSERT INTO transactions (transaction_id, contract_id, transaction_type, amount, currency, converted_to_usd, transaction_date, descriptive_notes, created_at, updated_at) VALUES (75, 38, 'screening_fee', 2392.96, 'USD', 2529.44, '2024-11-05T07:28:06.621174', 'Generated transaction', '2025-04-08T07:28:06.621179', '2025-04-08T07:28:06.621182');
INSERT INTO transactions (transaction_id, contract_id, transaction_type, amount, currency, converted_to_usd, transaction_date, descriptive_notes, created_at, updated_at) VALUES (76, 38, 'misc', 1511.87, 'USD', 1622.32, '2024-10-13T07:28:06.621194', 'Generated transaction', '2025-04-08T07:28:06.621200', '2025-04-08T07:28:06.621203');
INSERT INTO transactions (transaction_id, contract_id, transaction_type, amount, currency, converted_to_usd, transaction_date, descriptive_notes, created_at, updated_at) VALUES (77, 39, 'admin_fee', 671.33, 'USD', 677.66, '2025-01-16T07:28:06.621251', 'Generated transaction', '2025-04-08T07:28:06.621256', '2025-04-08T07:28:06.621258');
INSERT INTO transactions (transaction_id, contract_id, transaction_type, amount, currency, converted_to_usd, transaction_date, descriptive_notes, created_at, updated_at) VALUES (78, 39, 'screening_fee', 1060.39, 'USD', 1102.18, '2024-10-23T07:28:06.621269', 'Generated transaction', '2025-04-08T07:28:06.621273', '2025-04-08T07:28:06.621275');
INSERT INTO transactions (transaction_id, contract_id, transaction_type, amount, currency, converted_to_usd, transaction_date, descriptive_notes, created_at, updated_at) VALUES (79, 39, 'screening_fee', 2075.49, 'USD', 2116.21, '2024-12-03T07:28:06.621283', 'Generated transaction', '2025-04-08T07:28:06.621286', '2025-04-08T07:28:06.621288');
INSERT INTO transactions (transaction_id, contract_id, transaction_type, amount, currency, converted_to_usd, transaction_date, descriptive_notes, created_at, updated_at) VALUES (80, 40, 'admin_fee', 1009.29, 'USD', 1074.02, '2025-04-03T07:28:06.621342', 'Generated transaction', '2025-04-08T07:28:06.621349', '2025-04-08T07:28:06.621352');
